<?xml version="1.0" encoding="UTF-8"?>
<project-private xmlns="http://www.netbeans.org/ns/project-private/1">
    <editor-bookmarks xmlns="http://www.netbeans.org/ns/editor-bookmarks/2" lastBookmarkId="0"/>
    <open-files xmlns="http://www.netbeans.org/ns/projectui-open-files/2">
        <group>
            <file>file:/C:/Users/FAMILIA/Downloads/s02suscribete-master/web/thanks.jsp</file>
            <file>file:/C:/Users/FAMILIA/Downloads/s02suscribete-master/web/index.html</file>
            <file>file:/C:/Users/FAMILIA/Downloads/s02suscribete-master/src/java/pweb/business/User.java</file>
            <file>file:/C:/Users/FAMILIA/Downloads/s02suscribete-master/src/java/pweb/email/EmailListServlet.java</file>
            <file>file:/C:/Users/FAMILIA/Downloads/s02suscribete-master/web/styles/main.css</file>
            <file>file:/C:/Users/FAMILIA/Downloads/s02suscribete-master/web/styles/newcss.css</file>
        </group>
    </open-files>
</project-private>
